row_id,problem,ground_truth_solution,solution_idx,candidate_solution,verification_reasoning,verification,prefix,completion,completion_verification_reasoning,completion_verification
1,"If the point $(-1,2)$ lies on the graph of the inverse proportion function $y=\frac{k}{x}$ (where $k$ is a constant and $k\neq 0$), then which of the following statements about this function is correct?

A: The graph of the function passes through the point $(1,2)$.

B: The graph of the function lies in the first and third quadrants.

C: The value of $y$ increases as $x$ increases.

D: When $x < -1$, the value of $y$ increases as $x$ increases.","Given that the point $(-1,2)$ lies on the graph of the inverse proportion function $y=\frac{k}{x}$, where $k$ is a constant and $k\neq 0$, we can find the value of $k$ by substituting the coordinates of the point into the equation. 

Step 1: Substitute $x = -1$ and $y = 2$ into the equation $y = \frac{k}{x}$.
\[2 = \frac{k}{-1}\]

Step 2: Solve for $k$.
\[k = 2 \times (-1) = -2\]

Thus, we have determined that $k = -2$. This means the equation of the function is $y = \frac{-2}{x}$.

Step 3: Analyze the behavior of the function based on the value of $k$.
- Since $k$ is negative, the graph of the function lies in the second and fourth quadrants where the signs of $x$ and $y$ are opposite.
- In each of these quadrants, as $x$ increases (moves away from zero), $y$ becomes less negative (increases).

Therefore, options $B$ (the graph lies in the first and third quadrants) and $C$ (the value of $y$ increases as $x$ increases) are incorrect because they do not match the characteristics of the function with $k = -2$.

Step 4: Check the validity of option $A$.
- To see if the graph passes through the point $(1,2)$, substitute $x = 1$ into the equation $y = \frac{-2}{x}$.
\[y = \frac{-2}{1} = -2\]
- Since $y = -2$ when $x = 1$, the graph does not pass through the point $(1,2)$. Thus, option $A$ is incorrect.

Step 5: Confirm the correctness of option $D$.
- For $x < -1$, as $x$ increases (moves towards zero from the left), $y$ (which is negative) becomes less negative, meaning it increases. This matches the description in option $D$.

Therefore, the correct option is $\boxed{D}$.",0,"We are given that the point $(-1, 2)$ lies on the graph of the inverse proportion function $y = \frac{k}{x}$. This means that when $x = -1$, $y = 2$. We can now solve for $k$:

$$
\begin{align*}
y &= \frac{k}{x} \\
2 &= \frac{k}{-1} \\
2 &= -k \\
k &= -2 \, .
\end{align*}
$$

So, the equation of the function is $y = \frac{-2}{x}$. 

Now, let's evaluate each statement:

A: To check if the graph passes through $(1, 2)$, we substitute $x = 1$ into the equation:

$$
\begin{align*}
y &= \frac{-2}{1} \\
y &= -2 \, .
\end{align*}
$$

So, the graph does not pass through $(1, 2)$, and statement A is **incorrect**.

B: The graph of $y = \frac{-2}{x}$ is a hyperbola, which is symmetric about the line $y = x$. This line divides the first and third quadrants, so the graph lies in these quadrants. Statement B is **correct**.

C: As $x$ increases from $-1$ to $0$, $y$ decreases from $2$ to $-\infty$. As $x$ further increases from $0$ to $1$, $y$ continues to decrease from $-\infty$ to $-2$. So, as $x$ increases, $y$ does not increase; statement C is **incorrect**.

D: When $x < -1$, as $x$ increases, $y$ decreases. So, statement D is **incorrect**.

The correct statement is **B: The graph of the function lies in the first and third quadrants**.","The final answer in the ground truth solution is **D**. 

However, the candidate solution concludes that the correct answer is **B**. 

The candidate solution correctly identifies the value of $k$ as $-2$ and the equation of the function as $y = \frac{-2}{x}$. However, their analysis of the function's behavior is flawed. 

In step B, the candidate solution states that the graph lies in the first and third quadrants, which is incorrect. The graph of $y = \frac{-2}{x}$ is a hyperbola that lies in the second and fourth quadrants, not the first and third. This is because when $x$ is negative (second and fourth quadrants), $y$ is positive, and the product of their signs is positive, satisfying the equation $y = \frac{-2}{x}$. 

In step C, the candidate solution correctly notes that as $x$ increases from $-1$ to $0$, $y$ decreases. However, they incorrectly assume that as $x$ further increases from $0$ to $1$, $y$ continues to decrease. In fact, as $x$ increases from $0$ to $1$, $y$ increases from $-\infty$ to $-2$. This is because the function is an inverse proportion, and as $x$ moves away from zero, $y$ approaches zero, causing the value of $y$ to increase. 

In step D, the candidate solution incorrectly states that when $x < -1$, $y$ decreases as $x$ increases. In reality, when $x < -1$, $y$ increases as $x$ increases because both $x$ and $y$ are negative, and as $x$ moves towards zero, $y$ becomes less negative, resulting in an increase in the value of $y$. 

Due to these errors in understanding the function's behavior, the candidate solution incorrectly identifies the correct answer as B.",False,"We are given that the point $(-1, 2)$ lies on the graph of the inverse proportion function $y = \frac{k}{x}$. This means that when $x = -1$, $y = 2$. We can now solve for $k$: $$ \begin{align*} y &= \frac{k}{x} \\ 2 &= \frac{k}{-1} \\ 2 &= -k \\ k &= -2 \, . \end{align*} $$ So, the equation of the function is $y = \frac{-2}{x}$. Now,","
- **Statement A**: If we substitute $x = 1$ into the equation, we get $y = \frac{-2}{1} = -2$. So, the graph of the function passes through the point $(1, -2)$, not $(1, 2)$. Therefore, statement A is **incorrect**.

- **Statement B**: The denominator of the function, $x$, cannot be zero. So, the function is not defined on the $y$-axis, and the graph does not pass through the origin. As $x$ moves away from zero in either direction, $y$ moves towards zero. This means that the graph lies in the **first and third quadrants**, and statement B is **correct**.

- **Statement C**: As $x$ increases from $-1$ to $0$, $y$ decreases from $2$ to $-\infty$. As $x$ increases from $0$ to $1$, $y$ decreases from $-\infty$ to $-2$. So, as $x$ increases, $y$ **decreases**. Therefore, statement C is **incorrect**.

- **Statement D**: As $x$ increases from $-2$ to $-1$, $y$ decreases from $1$ to $2$. So, when $x < -1$, $y$ **decreases** as $x$ increases. Therefore, statement D is **incorrect**.

The correct statement about the function is that **the graph of the function lies in the first and third quadrants**.

**\boxed{\text{B}}**.","The final answer provided in the ground truth solution is **D**.

The candidate solution concludes that the correct answer is **B**.

The candidate solution correctly identifies that the equation of the function is $y = \frac{-2}{x}$ and that statement A is incorrect. However, in analyzing statement B, the solution incorrectly states that the graph lies in the first and third quadrants. This is because, for the given function with $k = -2$, the graph lies in the second and fourth quadrants. The sign of $y$ changes when crossing the $x$-axis, not the $y$-axis, and as $x$ moves away from zero, $y$ moves towards negative infinity, not zero. This misunderstanding leads to the incorrect conclusion that statement B is correct.

The candidate solution then correctly identifies that statements C and D are incorrect, but due to the initial mistake, the overall conclusion is wrong.",False
1,"If the point $(-1,2)$ lies on the graph of the inverse proportion function $y=\frac{k}{x}$ (where $k$ is a constant and $k\neq 0$), then which of the following statements about this function is correct?

A: The graph of the function passes through the point $(1,2)$.

B: The graph of the function lies in the first and third quadrants.

C: The value of $y$ increases as $x$ increases.

D: When $x < -1$, the value of $y$ increases as $x$ increases.","Given that the point $(-1,2)$ lies on the graph of the inverse proportion function $y=\frac{k}{x}$, where $k$ is a constant and $k\neq 0$, we can find the value of $k$ by substituting the coordinates of the point into the equation. 

Step 1: Substitute $x = -1$ and $y = 2$ into the equation $y = \frac{k}{x}$.
\[2 = \frac{k}{-1}\]

Step 2: Solve for $k$.
\[k = 2 \times (-1) = -2\]

Thus, we have determined that $k = -2$. This means the equation of the function is $y = \frac{-2}{x}$.

Step 3: Analyze the behavior of the function based on the value of $k$.
- Since $k$ is negative, the graph of the function lies in the second and fourth quadrants where the signs of $x$ and $y$ are opposite.
- In each of these quadrants, as $x$ increases (moves away from zero), $y$ becomes less negative (increases).

Therefore, options $B$ (the graph lies in the first and third quadrants) and $C$ (the value of $y$ increases as $x$ increases) are incorrect because they do not match the characteristics of the function with $k = -2$.

Step 4: Check the validity of option $A$.
- To see if the graph passes through the point $(1,2)$, substitute $x = 1$ into the equation $y = \frac{-2}{x}$.
\[y = \frac{-2}{1} = -2\]
- Since $y = -2$ when $x = 1$, the graph does not pass through the point $(1,2)$. Thus, option $A$ is incorrect.

Step 5: Confirm the correctness of option $D$.
- For $x < -1$, as $x$ increases (moves towards zero from the left), $y$ (which is negative) becomes less negative, meaning it increases. This matches the description in option $D$.

Therefore, the correct option is $\boxed{D}$.",1,"We are given the point $(-1, 2)$ which lies on the graph of the inverse proportion function $y = \frac{k}{x}$. We can use this information to find the value of the constant $k$:

$$
\begin{align*}
2 & = \frac{k}{-1} \\
2(-1) & = k \\
-2 & = k \, .
\end{align*}
$$

So, the function is $y = \frac{-2}{x}$. Now, let's evaluate each statement:

A: To check if the graph passes through $(1, 2)$, we can simply substitute $x = 1$ into the function:

$$
\begin{align*}
y & = \frac{-2}{1} \\
& = -2 \, .
\end{align*}
$$

So, the graph does not pass through $(1, 2)$, and statement A is **incorrect**.

B: The graph of an inverse proportion function $y = \frac{k}{x}$ always lies in the first and third quadrants because $y$ has the opposite sign to $x$. So, statement B is **correct**.

C: As $x$ increases, the value of $y$ decreases because they have opposite signs. So, statement C is **incorrect**.

D: When $x < -1$, the value of $y$ increases as $x$ increases because they have the same sign. For example, when $x = -2$, $y = 1$, and when $x = -3$, $y = \frac{2}{3}$. So, statement D is **correct**.

The correct statements about the function are **B and D**.","The final answer provided in the ground truth solution is option D.

The candidate solution claims that the correct statements are B and D.

The candidate solution is incorrect because it misinterprets the behavior of the function in the second and fourth quadrants. In these quadrants, as $x$ increases, $y$ does not decrease; instead, it becomes less negative, which means it increases. This is because $x$ and $y$ have opposite signs in these quadrants, and as $x$ moves away from zero, $y$ moves towards zero from the negative side, resulting in an increase in its value. Therefore, statement B is incorrect, and the correct answer is only option D.",False,"We are given the point $(-1, 2)$ which lies on the graph of the inverse proportion function $y = \frac{k}{x}$. We can use this information to find the value of the constant $k$: $$ \begin{align*} 2 & = \frac{k}{-1} \\ 2(-1) & = k \\ -2 & = k \, . \end{align*} $$ So, the function is $y = \frac{-2}{x}$. Now, let's evaluate each","statement:

A: We can check this by plugging in $x = 1$ into the function: $$ \begin{align*} y & = \frac{-2}{1} \\ & = -2 \, . \end{align*} $$ So, the graph passes through the point $(1, -2)$, not $(1, 2)$. Therefore, statement A is **incorrect**.

B: The graph of $y = \frac{-2}{x}$ is symmetric about the origin, as it is an odd function. Therefore, if the graph lies in the first quadrant for $x > 0$, it will also lie in the fourth quadrant for $x < 0$. So, statement B is **incorrect**.

C: As $x$ increases from negative to positive values, the denominator of $y = \frac{-2}{x}$ becomes smaller in magnitude, causing $y$ to decrease. Therefore, statement C is **incorrect**.

D: For $x < -1$, as $x$ decreases further (becomes more negative), the denominator of $y = \frac{-2}{x}$ becomes larger in magnitude, causing $y$ to increase. Therefore, statement D is **correct**.

Final answer: $\boxed{\text{D}}$.","The final answer provided in the ground truth solution is option D. The candidate solution also concludes that the correct option is D. 

Both solutions start by finding the value of the constant k, which is -2. They then proceed to evaluate each statement. For statement A, both solutions correctly determine that the graph does not pass through the point (1, 2), making statement A incorrect. 

For statement B, the ground truth solution explains that the graph lies in the second and fourth quadrants due to the negative value of k, while the candidate solution mentions the symmetry of the graph about the origin due to it being an odd function. Both explanations lead to the correct conclusion that statement B is incorrect. 

For statement C, the ground truth solution explains that as x increases, y becomes less negative, which is an increase in value. The candidate solution, however, states that y decreases as x increases, which is incorrect. This is a crucial step where the candidate solution's reasoning diverges from the ground truth. 

Despite the error in evaluating statement C, the candidate solution correctly identifies that statement D is correct. This is because, for x < -1, as x decreases (becomes more negative), y increases. 

Although the candidate solution contains an error in reasoning for statement C, it still arrives at the correct final answer, which is option D.",True
1,"If the point $(-1,2)$ lies on the graph of the inverse proportion function $y=\frac{k}{x}$ (where $k$ is a constant and $k\neq 0$), then which of the following statements about this function is correct?

A: The graph of the function passes through the point $(1,2)$.

B: The graph of the function lies in the first and third quadrants.

C: The value of $y$ increases as $x$ increases.

D: When $x < -1$, the value of $y$ increases as $x$ increases.","Given that the point $(-1,2)$ lies on the graph of the inverse proportion function $y=\frac{k}{x}$, where $k$ is a constant and $k\neq 0$, we can find the value of $k$ by substituting the coordinates of the point into the equation. 

Step 1: Substitute $x = -1$ and $y = 2$ into the equation $y = \frac{k}{x}$.
\[2 = \frac{k}{-1}\]

Step 2: Solve for $k$.
\[k = 2 \times (-1) = -2\]

Thus, we have determined that $k = -2$. This means the equation of the function is $y = \frac{-2}{x}$.

Step 3: Analyze the behavior of the function based on the value of $k$.
- Since $k$ is negative, the graph of the function lies in the second and fourth quadrants where the signs of $x$ and $y$ are opposite.
- In each of these quadrants, as $x$ increases (moves away from zero), $y$ becomes less negative (increases).

Therefore, options $B$ (the graph lies in the first and third quadrants) and $C$ (the value of $y$ increases as $x$ increases) are incorrect because they do not match the characteristics of the function with $k = -2$.

Step 4: Check the validity of option $A$.
- To see if the graph passes through the point $(1,2)$, substitute $x = 1$ into the equation $y = \frac{-2}{x}$.
\[y = \frac{-2}{1} = -2\]
- Since $y = -2$ when $x = 1$, the graph does not pass through the point $(1,2)$. Thus, option $A$ is incorrect.

Step 5: Confirm the correctness of option $D$.
- For $x < -1$, as $x$ increases (moves towards zero from the left), $y$ (which is negative) becomes less negative, meaning it increases. This matches the description in option $D$.

Therefore, the correct option is $\boxed{D}$.",2,"We are given the point $(-1, 2)$ on the graph of the inverse proportion function $y = \frac{k}{x}$. We can use this information to find the value of the constant $k$:

\begin{align*}
2 &= \frac{k}{-1} \\
2(-1) &= k \\
-2 &= k
\end{align*}

So, the equation of the function is $y = \frac{-2}{x}$. Now, let's evaluate each statement:

A: To check if the graph passes through $(1, 2)$, we plug in $x = 1$ into the equation:

\[y = \frac{-2}{1} = -2\]

So, the graph does not pass through $(1, 2)$, and statement A is **incorrect**.

B: An inverse proportion function has a vertical asymptote at $x = 0$ and a horizontal asymptote at $y = 0$. As $x$ approaches $0$ from the left (negative values), $y$ approaches negative infinity, which is in the second quadrant. As $x$ moves away from $0$ to the left, $y$ moves towards $0$, staying in the second quadrant. On the other hand, as $x$ approaches $0$ from the right (positive values), $y$ approaches positive infinity, which is in the first quadrant. As $x$ moves further to the right, $y$ moves towards $0$, staying in the first quadrant. Therefore, the graph lies in the **first and second quadrants**, and statement B is **incorrect**.

C: As we move from left to right along the $x$-axis, the value of $x$ increases. Since $x$ is in the denominator, as $x$ increases, the value of $y$ **decreases**. So, statement C is **incorrect**.

D: When $x < -1$, we are considering values of $x$ to the left of the given point $(-1, 2)$. As we move from left to right along the $x$-axis, $x$ increases, and since $x$ is in the denominator, the value of $y$ **decreases**. So, statement D is **incorrect**.

Therefore, **none of the statements are correct**.","The final answer provided in the ground truth solution is **Option D**.

The candidate solution states that **none of the statements are correct**, which is incorrect.

The candidate solution correctly determines the value of $k$ as $-2$ and the equation of the function as $y = \frac{-2}{x}$. However, there are errors in the subsequent steps:
- For statement A, the candidate solution correctly concludes that the graph does not pass through $(1, 2)$, but this is not a sufficient condition for the statement to be incorrect. The graph of an inverse proportion function is a hyperbola, and it is possible for the graph to intersect the line $y = 2$ at another point.
- For statement B, the explanation about the quadrants is flawed. The function $y = \frac{-2}{x}$ does indeed have a vertical asymptote at $x = 0$ and a horizontal asymptote at $y = 0$. However, as $x$ approaches $0$ from the left (negative values), $y$ approaches positive infinity, not negative infinity. This is because when $x$ is negative, $y$ is positive due to the negative sign in the numerator of the function. Therefore, the graph lies in the first and fourth quadrants, not the first and second quadrants.
- For statements C and D, the candidate solution incorrectly assumes that the value of $y$ decreases as $x$ increases. This is not the case for an inverse proportion function with a negative constant. As $x$ increases (moves away from zero), $y$ becomes less negative (increases) for both positive and negative values of $x$.",False,"We are given the point $(-1, 2)$ on the graph of the inverse proportion function $y = \frac{k}{x}$. We can use this information to find the value of the constant $k$: \begin{align*} 2 &= \frac{k}{-1} \\ 2(-1) &= k \\ -2 &= k \end{align*} So, the equation of the function is $y = \frac{-2}{x}$. Now, let's evaluate each statement: A: To check if the graph passes through $(1, 2)$, we plug in $x = 1$ into the equation: \[y = \frac{-2}{1} = -2\] So, the graph does not pass through","$(1, 2)$, and statement A is **incorrect**. B: The graph of $y = \frac{-2}{x}$ is a hyperbola, which typically lies in the first and third quadrants. However, since there is a negative sign in the equation, the branches of the hyperbola will be in the second and fourth quadrants. Therefore, statement B is **incorrect**. C: As $x$ increases from $-\infty$ to $0$ (approaching $0$ but never reaching it), the value of $y$ decreases from $0$ to $-\infty$. Then, as $x$ increases from $0$ to $+\infty$, $y$ increases from $-\infty$ to $0$. So, statement C is **incorrect**. D: When $x < -1$, as $x$ increases, $y$ decreases (as explained in part C). So, statement D is **correct**.

Final answer: $\boxed{\text{D}}$.","The final answer provided in the ground truth solution is option D.

The candidate solution also concludes that the correct option is D.

The candidate solution is correct. It follows a similar approach to the ground truth solution, first finding the value of the constant $k$ and then using this to analyze the behavior of the function. The candidate solution correctly identifies that the graph lies in the second and fourth quadrants due to the negative value of $k$, and it accurately describes how the value of $y$ changes as $x$ increases in these quadrants. The evaluation of each statement is also correct, with clear explanations for why options A, B, and C are incorrect and option D is the correct choice.",True
1,"If the point $(-1,2)$ lies on the graph of the inverse proportion function $y=\frac{k}{x}$ (where $k$ is a constant and $k\neq 0$), then which of the following statements about this function is correct?

A: The graph of the function passes through the point $(1,2)$.

B: The graph of the function lies in the first and third quadrants.

C: The value of $y$ increases as $x$ increases.

D: When $x < -1$, the value of $y$ increases as $x$ increases.","Given that the point $(-1,2)$ lies on the graph of the inverse proportion function $y=\frac{k}{x}$, where $k$ is a constant and $k\neq 0$, we can find the value of $k$ by substituting the coordinates of the point into the equation. 

Step 1: Substitute $x = -1$ and $y = 2$ into the equation $y = \frac{k}{x}$.
\[2 = \frac{k}{-1}\]

Step 2: Solve for $k$.
\[k = 2 \times (-1) = -2\]

Thus, we have determined that $k = -2$. This means the equation of the function is $y = \frac{-2}{x}$.

Step 3: Analyze the behavior of the function based on the value of $k$.
- Since $k$ is negative, the graph of the function lies in the second and fourth quadrants where the signs of $x$ and $y$ are opposite.
- In each of these quadrants, as $x$ increases (moves away from zero), $y$ becomes less negative (increases).

Therefore, options $B$ (the graph lies in the first and third quadrants) and $C$ (the value of $y$ increases as $x$ increases) are incorrect because they do not match the characteristics of the function with $k = -2$.

Step 4: Check the validity of option $A$.
- To see if the graph passes through the point $(1,2)$, substitute $x = 1$ into the equation $y = \frac{-2}{x}$.
\[y = \frac{-2}{1} = -2\]
- Since $y = -2$ when $x = 1$, the graph does not pass through the point $(1,2)$. Thus, option $A$ is incorrect.

Step 5: Confirm the correctness of option $D$.
- For $x < -1$, as $x$ increases (moves towards zero from the left), $y$ (which is negative) becomes less negative, meaning it increases. This matches the description in option $D$.

Therefore, the correct option is $\boxed{D}$.",3,"We are given the point $(-1, 2)$ which lies on the graph of the inverse proportion function $y = \frac{k}{x}$. 

To find which of the statements is correct, we can start by substituting the given point into the equation:

$$
\begin{equation*}
2 = \frac{k}{-1}\, .
\end{equation*}
$$

Multiplying both sides by $-1$ to solve for $k$, we get:

$$
\begin{align*}
-2 &= k\\
\therefore k &= -2\, .
\end{align*}
$$

Now that we have the value of $k$, we can write the function as $y = \frac{-2}{x}$.

Let's evaluate each statement:

A: To check if the graph passes through $(1, 2)$, we can substitute $x = 1$ into the function:

$$
\begin{align*}
y &= \frac{-2}{1}\\
y &= -2\, .
\end{align*}
$$

So, the graph does not pass through $(1, 2)$, and statement A is **incorrect**.

B: The graph of an inverse proportion function $y = \frac{k}{x}$ typically lies in the first and third quadrants because $y$ values are positive when $x$ is positive and negative when $x$ is negative. In this case, since $k$ is negative, the function will be negative in the first quadrant and positive in the third quadrant. So, statement B is **correct**.

C: As $x$ increases, the denominator of the fraction gets larger, making the fraction smaller. Therefore, the value of $y$ decreases as $x$ increases. So, statement C is **incorrect**.

D: When $x < -1$, the denominator of the fraction is negative, and as $x$ increases, the denominator becomes less negative, making the fraction larger. So, the value of $y$ increases as $x$ increases when $x < -1$. Statement D is **correct**.

In summary, statements **B and D are correct**.","The final answer in the ground truth solution is option D.

The candidate solution states that the correct answers are options B and D.

The candidate solution's reasoning is incorrect in the evaluation of option B. The candidate solution states that the graph of the function lies in the first and third quadrants because the function is negative in the first quadrant and positive in the third quadrant when $k$ is negative. However, this is not accurate. When $k$ is negative, the function is positive in the second quadrant and negative in the fourth quadrant, not the first and third quadrants. This is because the function $y = \frac{-2}{x}$ has a vertical asymptote at $x = 0$, and as $x$ approaches zero from the left (negative values), $y$ approaches negative infinity, and as $x$ approaches zero from the right (positive values), $y$ approaches positive infinity. Therefore, the graph lies in the second and fourth quadrants, not the first and third.

The candidate solution correctly identifies that option D is correct, but it incorrectly identifies option B as correct as well.",False,"We are given the point $(-1, 2)$ which lies on the graph of the inverse proportion function $y = \frac{k}{x}$. To find which of the statements is correct, we can start by substituting the given point into the equation: $$ \begin{equation*} 2 = \frac{k}{-1}\, . \end{equation*} $$ Multiplying both sides by $-1$ to solve for $k$, we get: $$ \begin{align*} -2 &= k\\ \therefore k &= -2\, . \end{align*} $$ Now that we have the value of $k$, we can write the","function as $y = \frac{-2}{x}$. 

Let's now evaluate each statement:

A: To check if the graph of the function passes through the point $(1, 2)$, we substitute $x = 1$ into the function: $$ \begin{align*} y &= \frac{-2}{1}\\ &= -2\, . \end{align*} $$ Since $y = -2$ and not $2$, the graph does not pass through the point $(1, 2)$. Therefore, statement A is **false**.

B: The graph of the function $y = \frac{-2}{x}$ is a hyperbola, which lies in the first and third quadrants. Therefore, statement B is **true**.

C: As $x$ increases, the value of $y = \frac{-2}{x}$ decreases. Therefore, statement C is **false**.

D: When $x < -1$, the value of $y = \frac{-2}{x}$ increases as $x$ increases. Therefore, statement D is **true**.

The correct statements about the function are **boxed statements B and D**.","The final answer provided in the ground truth solution is option D.

The candidate solution, however, incorrectly identifies the correct statements as B and D. It is true that statement D is correct, but statement B is not. The graph of the function $y = \frac{-2}{x}$ is a hyperbola that lies in the second and fourth quadrants, not the first and third quadrants. This is because the value of $k$ is negative, which affects the position of the hyperbola. 

The candidate solution's reasoning is flawed in the evaluation of statement B. They incorrectly assume that the graph lies in the first and third quadrants, which leads to the wrong conclusion.",False
1,"If the point $(-1,2)$ lies on the graph of the inverse proportion function $y=\frac{k}{x}$ (where $k$ is a constant and $k\neq 0$), then which of the following statements about this function is correct?

A: The graph of the function passes through the point $(1,2)$.

B: The graph of the function lies in the first and third quadrants.

C: The value of $y$ increases as $x$ increases.

D: When $x < -1$, the value of $y$ increases as $x$ increases.","Given that the point $(-1,2)$ lies on the graph of the inverse proportion function $y=\frac{k}{x}$, where $k$ is a constant and $k\neq 0$, we can find the value of $k$ by substituting the coordinates of the point into the equation. 

Step 1: Substitute $x = -1$ and $y = 2$ into the equation $y = \frac{k}{x}$.
\[2 = \frac{k}{-1}\]

Step 2: Solve for $k$.
\[k = 2 \times (-1) = -2\]

Thus, we have determined that $k = -2$. This means the equation of the function is $y = \frac{-2}{x}$.

Step 3: Analyze the behavior of the function based on the value of $k$.
- Since $k$ is negative, the graph of the function lies in the second and fourth quadrants where the signs of $x$ and $y$ are opposite.
- In each of these quadrants, as $x$ increases (moves away from zero), $y$ becomes less negative (increases).

Therefore, options $B$ (the graph lies in the first and third quadrants) and $C$ (the value of $y$ increases as $x$ increases) are incorrect because they do not match the characteristics of the function with $k = -2$.

Step 4: Check the validity of option $A$.
- To see if the graph passes through the point $(1,2)$, substitute $x = 1$ into the equation $y = \frac{-2}{x}$.
\[y = \frac{-2}{1} = -2\]
- Since $y = -2$ when $x = 1$, the graph does not pass through the point $(1,2)$. Thus, option $A$ is incorrect.

Step 5: Confirm the correctness of option $D$.
- For $x < -1$, as $x$ increases (moves towards zero from the left), $y$ (which is negative) becomes less negative, meaning it increases. This matches the description in option $D$.

Therefore, the correct option is $\boxed{D}$.",4,"We are given the point $(-1, 2)$ which lies on the graph of the inverse proportion function $y = \frac{k}{x}$. We can use this information to find the value of the constant $k$:

$$
\begin{align*}
2 & = \frac{k}{-1} \\
-2 & = k
\end{align*}
$$

So, the function is $y = \frac{-2}{x}$. Now, let's evaluate each statement:

A: We can check this by plugging in $x = 1$ into the function:

$$
\begin{align*}
y & = \frac{-2}{1} \\
& = -2
\end{align*}
$$

So, the graph does not pass through the point $(1, 2)$, and statement A is **incorrect**.

B: An inverse proportion function has a horizontal asymptote at $y = 0$ and a vertical asymptote at $x = 0$. As $x$ approaches $0$ from the left (negative values), $y$ approaches negative infinity, which is in the second quadrant. As $x$ moves away from $0$ to the left, $y$ approaches $0$ from below, which is in the third quadrant. Similarly, as $x$ moves to the right, $y$ approaches $0$ from above, which is in the first quadrant. So, the graph lies in the **first and third quadrants**, and statement B is **correct**.

C: As $x$ increases from negative values to positive values, $y$ decreases from negative values to positive values. So, the value of $y$ **decreases** as $x$ increases, making statement C **incorrect**.

D: When $x < -1$, as $x$ increases, $y$ decreases. So, the value of $y$ **decreases** as $x$ increases when $x < -1$, making statement D **incorrect**.

Therefore, the correct answer is **boxed**:

\fbox{B: The graph of the function lies in the first and third quadrants.}","The final answer in the ground truth solution is **D**.

The candidate solution's final answer is **B**.

The candidate solution is incorrect because it misidentifies the quadrants in which the graph of the function lies. The function $y = \frac{-2}{x}$ has a vertical asymptote at $x = 0$ and a horizontal asymptote at $y = 0$. As $x$ moves from negative to positive values, $y$ moves from the second quadrant to the fourth quadrant. Therefore, the graph lies in the second and fourth quadrants, not the first and third quadrants. This error in quadrant identification leads to the selection of the wrong option as the final answer.",False,"We are given the point $(-1, 2)$ which lies on the graph of the inverse proportion function $y = \frac{k}{x}$. We can use this information to find the value of the constant $k$: $$ \begin{align*} 2 & = \frac{k}{-1} \\ -2 & = k \end{align*} $$ So, the function is $y = \frac{-2}{x}$. Now, let's evaluate each statement: A: We can check this by plugging in $x = 1$ into the function: $$ \begin{align*} y & = \frac{-2}{1} \\ & =","-2 \end{align*} $$ So, the graph passes through the point $(1, -2)$, not $(1, 2)$. Therefore, statement A is **incorrect**. B: The function $y = \frac{-2}{x}$ is an inverse proportion, which means it has a horizontal asymptote at $y = 0$ and a vertical asymptote at $x = 0$. The graph will lie in the first and third quadrants because for positive $x$ values, $y$ is negative, and for negative $x$ values, $y$ is positive. Therefore, statement B is **correct**. C: As $x$ increases from negative to positive values, the value of $y$ decreases from positive to negative values. Therefore, statement C is **incorrect**. D: When $x < -1$, as $x$ increases, the value of $y$ decreases. Therefore, statement D is **incorrect**.

So, the correct statement about the function is: **\[ \boxed{\text{B: The graph of the function lies in the first and third quadrants.}} \]**.","The final answer provided in the ground truth solution is option D.

However, the candidate solution concludes that the correct answer is option B.

The candidate solution correctly identifies the value of the constant $k$ as $-2$ and determines the function as $y = \frac{-2}{x}$. However, the subsequent analysis of the function's behavior is flawed. 

In step B, the candidate solution states that the graph lies in the first and third quadrants because for positive $x$ values, $y$ is negative, and for negative $x$ values, $y$ is positive. This is incorrect. For the function $y = \frac{-2}{x}$, when $x$ is positive, $y$ is negative, placing the graph in the second quadrant. Similarly, when $x$ is negative, $y$ is positive, placing the graph in the fourth quadrant. Therefore, the graph lies in the second and fourth quadrants, not the first and third.

In step C, the candidate solution correctly notes that as $x$ increases from negative to positive values, $y$ decreases from positive to negative values. However, this behavior does not contradict the statement in option C, which claims that the value of $y$ increases as $x$ increases. The candidate solution should have considered the behavior of $y$ as $x$ increases from negative values towards zero, in which case $y$ would indeed increase.

In step D, the candidate solution incorrectly states that when $x < -1$, as $x$ increases, the value of $y$ decreases. This is the opposite of the actual behavior. As $x$ increases from values less than $-1$ towards zero, $y$ increases.

Due to these errors in analysis, the candidate solution incorrectly identifies option B as the correct answer.",False
4,"Simplify first, then evaluate: $3a^2b+2(ab-\frac{3}{2}a^2b)-[2ab^2-(3ab^2-ab)]$, where $a$ is the smallest positive integer, and $b$ is the opposite of $a$.","To simplify and then evaluate the given expression, we follow these steps:

1. **Simplify the Expression**:
   - Start with the original expression: $3a^2b + 2(ab - \frac{3}{2}a^2b) - [2ab^2 - (3ab^2 - ab)]$.
   - Distribute and simplify inside the parentheses and brackets: $3a^2b + 2ab - 3a^2b - 2ab^2 + 3ab^2 - ab$.
   - Combine like terms: $ab + ab^2$.

2. **Substitute the Values of $a$ and $b$**:
   - Given that $a$ is the smallest positive integer, we have $a = 1$.
   - Given that $b$ is the opposite of $a$, we have $b = -1$.

3. **Evaluate the Simplified Expression**:
   - Substitute $a = 1$ and $b = -1$ into the simplified expression: $1 \times (-1) + 1 \times (-1)^2$.
   - Perform the operations: $-1 + 1$.
   - Simplify to get the final answer: $0$.

Therefore, the evaluated expression is $\boxed{0}$.",0,"First, we need to determine the values of $a$ and $b$. Since $a$ is the smallest positive integer, $a = 1$. As $b$ is the opposite of $a$, $b = -1$.

Now, we can substitute these values into the expression and simplify:

\begin{align*}
& 3a^2b + 2(ab - \frac{3}{2}a^2b) - [2ab^2 - (3ab^2 - ab)] \\
= & 3(1)^2(-1) + 2[1 \cdot (-1) - \frac{3}{2}(1)^2(-1)] - [2(1)(-1)^2 - (3(1)(-1)^2 - 1 \cdot (-1))] \\
= & -3 + 2(-1 + \frac{3}{2}) - [2 - (-3 - 1)] \\
= & -3 + 2(-\frac{1}{2}) - [2 - (-4)] \\
= & -3 - 1 - (-6) \\
= & -4 + 6 \\
= & \boxed{2}
\end{align*}

So, the final answer is **2**.","The final answer provided in the ground truth solution is **0**.

The candidate solution, however, concludes that the final answer is **2**. This is incorrect.

The candidate solution starts by correctly identifying the values of $a$ and $b$. However, an error occurs during the simplification process. The expression $3a^2b + 2(ab - \frac{3}{2}a^2b) - [2ab^2 - (3ab^2 - ab)]$ should simplify to $ab + ab^2$ (as shown in the ground truth solution), but the candidate solution simplifies it to $-3 - 1 - (-6)$, which is incorrect. This error likely stems from a mistake in distributing the negative sign within the brackets or combining like terms.",False,"First, we need to determine the values of $a$ and $b$. Since $a$ is the smallest positive integer, $a = 1$. As $b$ is the opposite of $a$, $b = -1$. Now, we can substitute these","values into the expression:

$$3a^2b + 2(ab - \frac{3}{2}a^2b) - [2ab^2 - (3ab^2 - ab)]$$

$$= 3(1)^2(-1) + 2[1(-1) - \frac{3}{2}(1)^2(-1)] - [2(1)(-1)^2 - (3(1)(-1)^2 - 1(-1))]$$

$$= -3 + 2[-1 + \frac{3}{2}] - [-2 - (3 + 1)]$$

$$= -3 + 2(-\frac{1}{2}) - [-5]$$

$$= -3 - 1 + 5$$

$$= \boxed{1}$$

So, the final answer is **1**.","The final answer provided in the ground truth solution is **0**.

The candidate solution claims that the final answer is **1**.

The candidate solution's reasoning is incorrect because it made a mistake in the simplification step. When distributing the negative sign in the last bracket, they should have obtained $-2ab^2 - 3ab^2 + ab$ instead of $-2ab^2 + 3ab^2 - ab$. This mistake led to an incorrect final answer.",False
4,"Simplify first, then evaluate: $3a^2b+2(ab-\frac{3}{2}a^2b)-[2ab^2-(3ab^2-ab)]$, where $a$ is the smallest positive integer, and $b$ is the opposite of $a$.","To simplify and then evaluate the given expression, we follow these steps:

1. **Simplify the Expression**:
   - Start with the original expression: $3a^2b + 2(ab - \frac{3}{2}a^2b) - [2ab^2 - (3ab^2 - ab)]$.
   - Distribute and simplify inside the parentheses and brackets: $3a^2b + 2ab - 3a^2b - 2ab^2 + 3ab^2 - ab$.
   - Combine like terms: $ab + ab^2$.

2. **Substitute the Values of $a$ and $b$**:
   - Given that $a$ is the smallest positive integer, we have $a = 1$.
   - Given that $b$ is the opposite of $a$, we have $b = -1$.

3. **Evaluate the Simplified Expression**:
   - Substitute $a = 1$ and $b = -1$ into the simplified expression: $1 \times (-1) + 1 \times (-1)^2$.
   - Perform the operations: $-1 + 1$.
   - Simplify to get the final answer: $0$.

Therefore, the evaluated expression is $\boxed{0}$.",1,"First, we need to find the values of $a$ and $b$. Since $a$ is the smallest positive integer, $a = 1$. And, as $b$ is the opposite of $a$, $b = -1$.

Now, we can substitute these values into the expression and simplify:

$$
\begin{align*}
& 3a^2b + 2(ab - \frac{3}{2}a^2b) - [2ab^2 - (3ab^2 - ab)] \\
= \; & 3(1)^2(-1) + 2[1 \cdot (-1) - \frac{3}{2}(1)^2(-1)] - [2(1)(-1)^2 - (3(1)(-1)^2 - 1 \cdot (-1))] \\
= \; & -3 + 2(-1 + \frac{3}{2}) - [2 - (-3 - 1)] \\
= \; & -3 + 2(-\frac{1}{2}) - [2 - (-4)] \\
= \; & -3 - 1 - (-6) \\
= \; & -4 + 6 \\
= \; & \boxed{2} \,.
\end{align*}
$$","The final answer provided in the ground truth solution is **0**.

The candidate solution, however, provides a final answer of **2**. This is incorrect due to an error in the simplification process. The candidate solution correctly substitutes the values of $a$ and $b$, but then makes a mistake when combining like terms. The term $3ab^2$ should be combined with $-2ab^2$ to give $ab^2$, not $-ab^2$. This error leads to an incorrect final answer.",False,"First, we need to find the values of $a$ and $b$. Since $a$ is the smallest positive integer, $a = 1$. And, as $b$ is the opposite of $a$, $b = -1$. Now, we can substitute these","values into the expression and simplify:

$$
\begin{align*}
&= 3a^2b + 2(ab - \frac{3}{2}a^2b) - [2ab^2 - (3ab^2 - ab)] \\
&= 3(1)^2(-1) + 2[(1)(-1) - \frac{3}{2}(1)^2(-1)] - [2(1)(-1)^2 - (3(1)(-1)^2 - (1)(-1))] \\
&= -3 + 2(-1 + \frac{3}{2}) - [-2 + (3 + 1)] \\
&= -3 + 2(-\frac{1}{2}) - (-5) \\
&= -3 - 1 + 5 \\
&= \boxed{1}.
\end{align*}
$$

So, the final answer is **1**.","The final answer provided by the ground truth solution is **0**.

The candidate solution, however, concludes that the final answer is **1**. This discrepancy arises from an error in the simplification process. In the candidate solution, the expression $-3 + 2(-\frac{1}{2}) - (-5)$ is incorrectly simplified to $-3 - 1 + 5$, which leads to the incorrect final answer of 1. The correct simplification should be $-3 - 1 + 5 = 1$, which then leads to the correct final answer of 0 when the values of $a$ and $b$ are substituted.",False
4,"Simplify first, then evaluate: $3a^2b+2(ab-\frac{3}{2}a^2b)-[2ab^2-(3ab^2-ab)]$, where $a$ is the smallest positive integer, and $b$ is the opposite of $a$.","To simplify and then evaluate the given expression, we follow these steps:

1. **Simplify the Expression**:
   - Start with the original expression: $3a^2b + 2(ab - \frac{3}{2}a^2b) - [2ab^2 - (3ab^2 - ab)]$.
   - Distribute and simplify inside the parentheses and brackets: $3a^2b + 2ab - 3a^2b - 2ab^2 + 3ab^2 - ab$.
   - Combine like terms: $ab + ab^2$.

2. **Substitute the Values of $a$ and $b$**:
   - Given that $a$ is the smallest positive integer, we have $a = 1$.
   - Given that $b$ is the opposite of $a$, we have $b = -1$.

3. **Evaluate the Simplified Expression**:
   - Substitute $a = 1$ and $b = -1$ into the simplified expression: $1 \times (-1) + 1 \times (-1)^2$.
   - Perform the operations: $-1 + 1$.
   - Simplify to get the final answer: $0$.

Therefore, the evaluated expression is $\boxed{0}$.",2,"We can start by simplifying the given expression:

$$
\begin{align*}
& 3a^2b + 2(ab - \frac{3}{2}a^2b) - [2ab^2 - (3ab^2 - ab)] \\
= \, & 3a^2b + 2ab - 3a^2b - 2ab^2 + 3ab^2 - ab \\
= \, & -a^2b + ab^2 + 2ab^2 + ab \\
= \, & ab(b + 1) + a(b^2 + 2b) \\
= \, & ab(b + 1) + a(b^2 + 2b + 1) - a \\
= \, & ab(b + 1) + a(b + 1)^2 - a \, .
\end{align*}
$$

Now, we can evaluate the expression using the given values of $a$ and $b$. Since $a$ is the smallest positive integer, $a = 1$. And since $b$ is the opposite of $a$, $b = -1$. Plugging these values into the simplified expression, we get:

$$
\begin{align*}
& ab(b + 1) + a(b + 1)^2 - a \\
= \, & (-1 \cdot 1)(-1 + 1) + 1((-1) + 1)^2 - 1 \\
= \, & 0 + 1 \cdot 0 - 1 \\
= \, & \boxed{-1} \, .
\end{align*}
$$

So, the final answer is **$\boxed{-1}$**.","The final answer provided in the ground truth solution is **0**.

The candidate solution claims that the final answer is **-1**.

The candidate solution's reasoning is incorrect because it does not simplify the expression correctly. The step where they distribute and simplify inside the parentheses and brackets is incorrect. They should have combined like terms to get $ab + ab^2$ instead of $-a^2b + ab^2 + 2ab^2 + ab$. This mistake leads to an incorrect final answer.",False,"We can start by simplifying the given expression: $$ \begin{align*} & 3a^2b + 2(ab - \frac{3}{2}a^2b) - [2ab^2 - (3ab^2 - ab)] \\ = \, & 3a^2b + 2ab - 3a^2b - 2ab^2 + 3ab^2 - ab \\ = \, & -a^2b + ab^2 + 2ab^2 + ab \\ = \, & ab(b + 1) +","ab(2b + 1) \\ = \, & ab(3b + 2). \end{align*} $$

Now, we know that $a$ is the smallest positive integer, which is $1$, and $b$ is the opposite of $a$, so $b = -1$. Substituting these values into the simplified expression, we get: $$ ab(3b + 2) = 1 \cdot (-1)(3(-1) + 2) = \boxed{1 \cdot (-1) \cdot (-1) = \bf{1}}. $$

So, the final answer is $\boxed{\bf{1}}$.","The final answer provided in the ground truth solution is **0**.

The candidate solution claims that the final answer is **1**.

The candidate solution's reasoning is incorrect because it did not simplify the expression correctly. The step where they distribute and simplify inside the parentheses and brackets is incorrect. The correct simplification should be $ab + ab^2$, as shown in the ground truth solution. The candidate solution combined terms incorrectly, leading to an erroneous simplified expression.",False
4,"Simplify first, then evaluate: $3a^2b+2(ab-\frac{3}{2}a^2b)-[2ab^2-(3ab^2-ab)]$, where $a$ is the smallest positive integer, and $b$ is the opposite of $a$.","To simplify and then evaluate the given expression, we follow these steps:

1. **Simplify the Expression**:
   - Start with the original expression: $3a^2b + 2(ab - \frac{3}{2}a^2b) - [2ab^2 - (3ab^2 - ab)]$.
   - Distribute and simplify inside the parentheses and brackets: $3a^2b + 2ab - 3a^2b - 2ab^2 + 3ab^2 - ab$.
   - Combine like terms: $ab + ab^2$.

2. **Substitute the Values of $a$ and $b$**:
   - Given that $a$ is the smallest positive integer, we have $a = 1$.
   - Given that $b$ is the opposite of $a$, we have $b = -1$.

3. **Evaluate the Simplified Expression**:
   - Substitute $a = 1$ and $b = -1$ into the simplified expression: $1 \times (-1) + 1 \times (-1)^2$.
   - Perform the operations: $-1 + 1$.
   - Simplify to get the final answer: $0$.

Therefore, the evaluated expression is $\boxed{0}$.",3,"First, we need to find the values of $a$ and $b$. Since $a$ is the smallest positive integer, $a = 1$. And since $b$ is the opposite of $a$, $b = -1$.

Now, we can plug these values into the expression and simplify:

\begin{align*}
& 3a^2b + 2(ab - \frac{3}{2}a^2b) - [2ab^2 - (3ab^2 - ab)] \\
= \, & 3(1)^2(-1) + 2[1 \cdot (-1) - \frac{3}{2}(1)^2(-1)] - [2(1)(-1)^2 - (3(1)(-1)^2 - 1 \cdot (-1))] \\
= \, & -3 + 2(-1 + \frac{3}{2}) - [2 - (-3 - 1)] \\
= \, & -3 + 2(-\frac{1}{2}) - [2 - (-4)] \\
= \, & -3 - 1 - (-6) \\
= \, & -4 + 6 \\
= \, & \boxed{2}
\end{align*}

So, the final answer is **2**.","The final answer provided in the ground truth solution is **0**.

The candidate solution claims that the final answer is **2**. However, this is incorrect due to an error in the simplification process. 

The candidate solution starts by correctly identifying the values of $a$ and $b$. However, when simplifying the expression, they distribute the negative sign incorrectly in the term $-2ab^2$. The correct distribution should be $-2 \times ab^2$, but they seem to have treated it as $-(2ab^2)$. This leads to an incorrect simplification of the expression. 

The correct simplification should be:

\begin{align*}
& 3a^2b + 2(ab - \frac{3}{2}a^2b) - [2ab^2 - (3ab^2 - ab)] \\
= \, & 3a^2b + 2ab - 3a^2b - 2ab^2 + 3ab^2 + ab \\
= \, & ab + ab^2
\end{align*}

Plugging in the values $a = 1$ and $b = -1$, we get:

\[ab + ab^2 = 1 \times (-1) + 1 \times (-1)^2 = -1 + 1 = 0\]

So, the correct final answer is indeed **0**.",False,"First, we need to find the values of $a$ and $b$. Since $a$ is the smallest positive integer, $a = 1$. And since $b$ is the opposite of $a$, $b = -1$. Now, we can plug these values","into the expression and simplify:

$$3a^2b + 2(ab - \frac{3}{2}a^2b) - [2ab^2 - (3ab^2 - ab)]$$

$$= 3(1)^2(-1) + 2[(1)(-1) - \frac{3}{2}(1)^2(-1)] - [2(1)(-1)^2 - (3(1)(-1)^2 - (1)(-1))]$$

$$= -3 + 2[-1 + \frac{3}{2}] - [-2 - (3 + 1)]$$

$$= -3 + 2[\frac{-2 + 3}{2}] - [-2 - 4]$$

$$= -3 + 2 \cdot \frac{1}{2} - (-6)$$

$$= -3 + 1 + 6$$

$$= \boxed{4}$$

So, the final answer is **4**.","The final answer provided in the ground truth solution is **0**.

The candidate solution claims that the final answer is **4**. However, this is incorrect due to a mistake in the simplification process. 

The candidate solution starts by correctly substituting the values of $a$ and $b$, but then makes an error in the distribution and simplification of the expression. The correct distribution and simplification should lead to $ab + ab^2$, as shown in the ground truth solution. The candidate solution's expression, after simplification, should be $-3 + 2(-1 + \frac{3}{2}) - (-2 - 3 - 1)$, which simplifies to $-3 + 2(-\frac{1}{2}) - (-6)$, and further to $-3 - 1 + 6$, resulting in the correct answer of 0.",False
4,"Simplify first, then evaluate: $3a^2b+2(ab-\frac{3}{2}a^2b)-[2ab^2-(3ab^2-ab)]$, where $a$ is the smallest positive integer, and $b$ is the opposite of $a$.","To simplify and then evaluate the given expression, we follow these steps:

1. **Simplify the Expression**:
   - Start with the original expression: $3a^2b + 2(ab - \frac{3}{2}a^2b) - [2ab^2 - (3ab^2 - ab)]$.
   - Distribute and simplify inside the parentheses and brackets: $3a^2b + 2ab - 3a^2b - 2ab^2 + 3ab^2 - ab$.
   - Combine like terms: $ab + ab^2$.

2. **Substitute the Values of $a$ and $b$**:
   - Given that $a$ is the smallest positive integer, we have $a = 1$.
   - Given that $b$ is the opposite of $a$, we have $b = -1$.

3. **Evaluate the Simplified Expression**:
   - Substitute $a = 1$ and $b = -1$ into the simplified expression: $1 \times (-1) + 1 \times (-1)^2$.
   - Perform the operations: $-1 + 1$.
   - Simplify to get the final answer: $0$.

Therefore, the evaluated expression is $\boxed{0}$.",4,"First, let's simplify the given expression:

$$
\begin{align*}
& 3a^2b + 2(ab - \frac{3}{2}a^2b) - [2ab^2 - (3ab^2 - ab)] \\
= \, & 3a^2b + 2ab - 3a^2b - 2ab^2 + 3ab^2 - ab \\
= \, & -a^2b + ab^2 + 3ab^2 - ab \\
= \, & -a^2b + ab(b + 1) + 3ab^2 \\
= \, & -a^2b + ab(-a + 1) + 3ab^2 \, .
\end{align*}
$$

Now, we can evaluate the expression using the given values of $a$ and $b$:

- Since $a$ is the smallest positive integer, $a = 1$.
- $b$ is the opposite of $a$, so $b = -1$.

Plugging these values into the simplified expression:

$$
\begin{align*}
& -a^2b + ab(b + 1) + 3ab^2 \\
= \, & -(1)^2(-1) + (1)(-1)[(-1) + 1] + 3(1)(-1)^2 \\
= \, & 1 - 0 + 3 \\
= \, & \boxed{4} \, .
\end{align*}
$$

So, the final answer is **4**.","The final answer provided in the ground truth solution is **0**.

The candidate solution claims that the final answer is **4**. This is incorrect.

The candidate solution simplifies the expression correctly up to the point where they have $-a^2b + ab(b + 1) + 3ab^2$. However, when they substitute the values of $a$ and $b$, they make a mistake. They correctly substitute $a = 1$ and $b = -1$, but then they incorrectly distribute the $ab$ term in the second part of the expression. They should have:

$$
\begin{align*}
& -(1)^2(-1) + (1)(-1)^2 + 3(1)(-1)^2 \\
= \, & 1 + 1 - 3 \\
= \, & -1 \, .
\end{align*}
$$

So, the correct final answer should be **0**, not 4.",False,"First, let's simplify the given expression: $$ \begin{align*} & 3a^2b + 2(ab - \frac{3}{2}a^2b) - [2ab^2 - (3ab^2 - ab)] \\ = \, & 3a^2b + 2ab - 3a^2b - 2ab^2 + 3ab^2 - ab \\ = \, & -a^2b + ab^2 + 3ab^2 - ab \\ =","\, & a^2b(-1 + b + 3b^2) \, . \end{align*} $$

Now, we need to determine the values of $a$ and $b$. Given that $a$ is the smallest positive integer, $a = 1$. Since $b$ is the opposite of $a$, $b = -1$.

Plugging these values into the simplified expression, we get: $$ a^2b(-1 + b + 3b^2) = 1^2 \cdot (-1) \cdot (-1 - 1 + 3 \cdot (-1)^2) = \boxed{4} \, . $$

So, the final answer is **4**.","The final answer provided in the ground truth solution is **0**.

The candidate solution claims that the final answer is **4**. However, this is incorrect. 

The candidate solution simplifies the expression correctly up to the point where they have $a^2b(-1 + b + 3b^2)$. The next step should be to substitute the values of $a$ and $b$, but the candidate solution substitutes the value of $a$ into the expression without considering the value of $b$. This is the critical error. 

The correct substitution should be $a = 1$ and $b = -1$, which would lead to the correct final answer of 0.",False
